sample_id,SUBCLASS,gene,raw_cell,raw_variant,normalized_variant,event_order,mutation_type,position,dataset
TRAIN_0445,OV,A2M,Q1051H D152D,Q1051H,Q1051H,1,SUB,1051,train
TRAIN_0445,OV,A2M,Q1051H D152D,D152D,D152D,2,SUB,152,train
TRAIN_0497,HNSC,A2M,L1214L F572L,L1214L,L1214L,1,SUB,1214,train
TRAIN_0497,HNSC,A2M,L1214L F572L,F572L,F572L,2,SUB,572,train
TRAIN_0601,STES,A2M,I822I F229L,I822I,I822I,1,SUB,822,train
TRAIN_0601,STES,A2M,I822I F229L,F229L,F229L,2,SUB,229,train
TRAIN_0641,KIPAN,A2M,A1061V I1056I,A1061V,A1061V,1,SUB,1061,train
TRAIN_0641,KIPAN,A2M,A1061V I1056I,I1056I,I1056I,2,SUB,1056,train
TRAIN_1232,SKCM,A2M,S63F A79A,S63F,S63F,1,SUB,63,train
TRAIN_1232,SKCM,A2M,S63F A79A,A79A,A79A,2,SUB,79,train
TRAIN_1369,SKCM,A2M,E1311K E342K R147C E1311K E342K R147C,E1311K,E1311K,1,SUB,1311,train
TRAIN_1369,SKCM,A2M,E1311K E342K R147C E1311K E342K R147C,E342K,E342K,2,SUB,342,train
TRAIN_1369,SKCM,A2M,E1311K E342K R147C E1311K E342K R147C,R147C,R147C,3,SUB,147,train
TRAIN_1369,SKCM,A2M,E1311K E342K R147C E1311K E342K R147C,E1311K,E1311K,4,SUB,1311,train
TRAIN_1369,SKCM,A2M,E1311K E342K R147C E1311K E342K R147C,E342K,E342K,5,SUB,342,train
TRAIN_1369,SKCM,A2M,E1311K E342K R147C E1311K E342K R147C,R147C,R147C,6,SUB,147,train
TRAIN_1405,STES,A2M,T1027T R719H,T1027T,T1027T,1,SUB,1027,train
TRAIN_1405,STES,A2M,T1027T R719H,R719H,R719H,2,SUB,719,train
TRAIN_1761,UCEC,A2M,C1321Y I848I P529H,C1321Y,C1321Y,1,SUB,1321,train
TRAIN_1761,UCEC,A2M,C1321Y I848I P529H,I848I,I848I,2,SUB,848,train
TRAIN_1761,UCEC,A2M,C1321Y I848I P529H,P529H,P529H,3,SUB,529,train
TRAIN_1789,PAAD,A2M,V1255V V814V V551M,V1255V,V1255V,1,SUB,1255,train
TRAIN_1789,PAAD,A2M,V1255V V814V V551M,V814V,V814V,2,SUB,814,train
TRAIN_1789,PAAD,A2M,V1255V V814V V551M,V551M,V551M,3,SUB,551,train
TRAIN_2189,UCEC,A2M,F1389F T1239T V129V L13I,F1389F,F1389F,1,SUB,1389,train
TRAIN_2189,UCEC,A2M,F1389F T1239T V129V L13I,T1239T,T1239T,2,SUB,1239,train
TRAIN_2189,UCEC,A2M,F1389F T1239T V129V L13I,V129V,V129V,3,SUB,129,train
TRAIN_2189,UCEC,A2M,F1389F T1239T V129V L13I,L13I,L13I,4,SUB,13,train
TRAIN_2999,STES,A2M,S1102S S150S,S1102S,S1102S,1,SUB,1102,train
TRAIN_2999,STES,A2M,S1102S S150S,S150S,S150S,2,SUB,150,train
TRAIN_3179,SKCM,A2M,H156Y I175I,H156Y,H156Y,1,SUB,156,train
TRAIN_3179,SKCM,A2M,H156Y I175I,I175I,I175I,2,SUB,175,train
TRAIN_3967,COAD,A2M,R732Q G280G S191Y,R732Q,R732Q,1,SUB,732,train
TRAIN_3967,COAD,A2M,R732Q G280G S191Y,G280G,G280G,2,SUB,280,train
TRAIN_3967,COAD,A2M,R732Q G280G S191Y,S191Y,S191Y,3,SUB,191,train
TRAIN_4081,COAD,A2M,P969S E840*,P969S,P969S,1,SUB,969,train
TRAIN_4081,COAD,A2M,P969S E840*,E840*,E840*,2,STOP,840,train
TRAIN_4098,UCEC,A2M,L965R L461L E113*,L965R,L965R,1,SUB,965,train
TRAIN_4098,UCEC,A2M,L965R L461L E113*,L461L,L461L,2,SUB,461,train
TRAIN_4098,UCEC,A2M,L965R L461L E113*,E113*,E113*,3,STOP,113,train
TRAIN_4748,COAD,A2M,W1069* S710S,W1069*,W1069*,1,STOP,1069,train
TRAIN_4748,COAD,A2M,W1069* S710S,S710S,S710S,2,SUB,710,train
TRAIN_4757,UCEC,A2M,G706G T548I R174H,G706G,G706G,1,SUB,706,train
TRAIN_4757,UCEC,A2M,G706G T548I R174H,T548I,T548I,2,SUB,548,train
TRAIN_4757,UCEC,A2M,G706G T548I R174H,R174H,R174H,3,SUB,174,train
TRAIN_5049,UCEC,A2M,K271N N159Y,K271N,K271N,1,SUB,271,train
TRAIN_5049,UCEC,A2M,K271N N159Y,N159Y,N159Y,2,SUB,159,train
TRAIN_5120,SKCM,A2M,F834F F155I,F834F,F834F,1,SUB,834,train
TRAIN_5120,SKCM,A2M,F834F F155I,F155I,F155I,2,SUB,155,train
TRAIN_5626,KIRC,A2M,A1061V I1056I,A1061V,A1061V,1,SUB,1061,train
TRAIN_5626,KIRC,A2M,A1061V I1056I,I1056I,I1056I,2,SUB,1056,train
TRAIN_5683,UCEC,A2M,M1314I F1248L A176T,M1314I,M1314I,1,SUB,1314,train
TRAIN_5683,UCEC,A2M,M1314I F1248L A176T,F1248L,F1248L,2,SUB,1248,train
TRAIN_5683,UCEC,A2M,M1314I F1248L A176T,A176T,A176T,3,SUB,176,train
TRAIN_5785,SKCM,A2M,D282N R147C,D282N,D282N,1,SUB,282,train
TRAIN_5785,SKCM,A2M,D282N R147C,R147C,R147C,2,SUB,147,train
TRAIN_1369,SKCM,AAAS,P307S T163T P307S T163T,P307S,P307S,1,SUB,307,train
TRAIN_1369,SKCM,AAAS,P307S T163T P307S T163T,T163T,T163T,2,SUB,163,train
TRAIN_1369,SKCM,AAAS,P307S T163T P307S T163T,P307S,P307S,3,SUB,307,train
TRAIN_1369,SKCM,AAAS,P307S T163T P307S T163T,T163T,T163T,4,SUB,163,train
TRAIN_2872,SKCM,AAAS,T346I L239L T291T R286* L344L P351S F345F,T346I,T346I,1,SUB,346,train
TRAIN_2872,SKCM,AAAS,T346I L239L T291T R286* L344L P351S F345F,L239L,L239L,2,SUB,239,train
TRAIN_2872,SKCM,AAAS,T346I L239L T291T R286* L344L P351S F345F,T291T,T291T,3,SUB,291,train
TRAIN_2872,SKCM,AAAS,T346I L239L T291T R286* L344L P351S F345F,R286*,R286*,4,STOP,286,train
TRAIN_2872,SKCM,AAAS,T346I L239L T291T R286* L344L P351S F345F,L344L,L344L,5,SUB,344,train
TRAIN_2872,SKCM,AAAS,T346I L239L T291T R286* L344L P351S F345F,P351S,P351S,6,SUB,351,train
TRAIN_2872,SKCM,AAAS,T346I L239L T291T R286* L344L P351S F345F,F345F,F345F,7,SUB,345,train
TRAIN_3375,HNSC,AAAS,S328L S308L,S328L,S328L,1,SUB,328,train
TRAIN_3375,HNSC,AAAS,S328L S308L,S308L,S308L,2,SUB,308,train
TRAIN_4757,UCEC,AAAS,R330H C80F,R330H,R330H,1,SUB,330,train
TRAIN_4757,UCEC,AAAS,R330H C80F,C80F,C80F,2,SUB,80,train
TRAIN_1369,SKCM,AADAT,P244L P244L,P244L,P244L,1,SUB,244,train
TRAIN_1369,SKCM,AADAT,P244L P244L,P244L,P244L,2,SUB,244,train
TRAIN_0322,STES,ABAT,R220R A304T,R220R,R220R,1,SUB,220,train
TRAIN_0322,STES,ABAT,R220R A304T,A304T,A304T,2,SUB,304,train
TRAIN_1369,SKCM,ABAT,P239S P239S,P239S,P239S,1,SUB,239,train
TRAIN_1369,SKCM,ABAT,P239S P239S,P239S,P239S,2,SUB,239,train
TRAIN_1789,PAAD,ABAT,M4R D89D,M4R,M4R,1,SUB,4,train
TRAIN_1789,PAAD,ABAT,M4R D89D,D89D,D89D,2,SUB,89,train
TRAIN_2707,BRCA,ABAT,S25C Q66*,S25C,S25C,1,SUB,25,train
